id,layer,stk_name,stk_ui,stk_hotkey_or_ini,hook_ui,hook_config,in_hook_ui,how_to_enable,status,notes
M01,Memory,Full Reveal (FOWCTRL1+8),Online → Reveal / Tools → Full Reveal,HK ecx=17; Settings.OnlineHotkeys.Action.FullReveal,Online → Maphack → Full Reveal,config.ini [scripts] maphack; hotkeys action FullReveal,yes,Toggle hold on Maphack. Ranked OK without SCAR. INSERT menu.,hook_partial,In-module FOWCTRL1+8 → EngineCrackFullReveal. Helper inner fog algorithm not cloned.
M02,Memory,Reveal Map (Memory) FOWCTRL1+11,Online → Reveal / Tools → Reveal Map,HK ecx=1; Action.RevealMap,Online → Maphack → Reveal Map (Memory),hotkeys action RevealMap,yes,One-shot in-match. Not a hold.,hook_partial,UC SCAR explore/reveal + slab +11. Not helper fog fill.
M03,Memory,Camera zoom helper 200.f (FOWCTRL1+16/+20),Online → Camera Zoom,HK ecx=16; Action.CameraZoom; ZoomLUA status,Online → Camera → Zoom min/max → Apply,config.ini zoomMin/zoomMax (default 36–68),yes,"Set sliders, Apply. Match auto bundle can cap max at 80.",hook_partial,Autodeclinate info+0x10/+0x14. Do not apply raw 200.f as live eye.
M04,Memory,"ZoomLUA (SCAR camera, not +16)",Online → ZoomLUA,Online.ZoomLUA.*,Online → Camera gear → SCAR atmosphere at high zoom,visFogScar / visFogThreshold,yes,Enable SCAR atmosphere; threshold slider.,hook_partial,visfog.scar at zoom ≥ threshold. Not toolkit ZoomLUA script.
M05,Memory,Idle TC alert (TCIDLE01+8),Online → Alerts → Idle TC,HK ecx=2; Action.IdleTCAlert,Online → Radar → Idle production alert,radar idle-production; Files AUTO auto_queue.scar,yes,"Radar toggle. Queue is SCAR AutoQueue (sim, OOS vs humans).",hook_partial,No TCIDLE01 helper slab. Overlay draw + NativeEsp query.
M06,Memory,Idle villager XAML overlay,Online → Alerts → Idle Villager,HK ecx=3; Action.IdleVillagerAlert,Online → Radar → Idle villagers,radar idle villagers,yes,Radar toggle. Also Offline Auto Queue for sim queue.,hook_has,Read+UI. Not helper WPM.
M07,Memory,Enemy Near TC (premium XAML),Online → Alerts → Enemy Near TC,HK ecx=4; Action.EnemyNearTC; radius slider,Online → Radar → Enemy near TC (+ radius),radar enemy-near-TC radius,yes,Radar toggle + radius. Menu/Offline enemy_near_tc.scar still Files-runnable.,hook_has,C++ radar rings; SCAR XAML path optional.
M08,Memory,Resource overlay (RESHUD02 / ##ResOverlay),Online → HUDs → Score HUD / resource overlay,HK ecx=5 and ecx=21; Action.ScoreHUD,Online → Radar → Observer HUD (Resources),radarObserverHud / radarObsRes; hotkeys Resource HUD,yes,Observer HUD on. Presets Full/Eco/Minimum.,hook_partial,In-process C++ HUD. No second D3D11 HWND. hud.scar retired.
M09,Memory,1v1 HUD (units/buildings/upgrades),Online → HUDs → HUD 1v1,HK ecx=6; Action.HUD1v1; v4 lua_scripts/1v1hud.lua,Online → Radar → Observer HUD Units/Buildings/Upgrades,radarObsUnits / radarObsBuildings / radarObsUpgrades,yes,Observer HUD panels. Not exact 1v1 presenter script.,hook_partial,UniversalHUD/hud.scar retired. C++ observer cards.
M10,Memory,Scores all players,Online → HUDs → Scores All,HK ecx=7; Action.Score,Online → Maphack → Scores (LUA); Offline scores_native.scar,—,yes,Maphack Scores button in-match.,hook_has,SCAR native scores show/hide.
M11,Memory,Team HUD / Econ AI overlay,Online → Team HUD / Econ AI,Action.TeamHUD / Action.EconAI,— (no TeamHUD). Econ knobs: AI BOT Fine-tune / Holds,AI Custom Templates; AI BOT Hybrid,no,No TeamHUD surface. Fine-tune preset is not STK TeamHUD.,missing,EconAI sliders are not a dedicated overlay. See O10 Hybrid.
M12,Memory,Player Stats / AoE4World profile,Lobby / Online Player Stats,HK ecx=10; [aoe4world] steam_id/profile_id,Lobby → Memory → aoe4world rank / Open player,session; public GET aoe4world.com,yes,Enable aoe4world + Scan. Rank/Most/1v1 columns.,hook_has,Public API. Identity uses aoe4world profile_id then Relic getPersonalStat; Steam aliases often empty. Overlay WinHTTP ≠ game ESS (WinINet/RLink).
M13,Memory,Sheep / TC ESP (SHEEPSP1+8),Online → ESP → Sheep/TC,HK ecx=14; Action.SheepTCESP; icon/scale widgets,Online → ESP/Radar → Highlight Sheep; Radar Player TC markers,esp/radar highlight sheep,yes,ESP or Radar sheep highlight.,hook_partial,No SHEEPSP1 WPM slab. No toolkit icon atlas widget.
M14,Memory,Player ESP (PLRESP01+8),Online → ESP,HK ecx=22; Action.ESP,Online → ESP → Enable + Players Own/Ally/Enemy,esp enabled + player filters,yes,ESP Enable. Kind/building filters below.,hook_partial,D3D Present. No PLRESP01 helper flag.
M15,Memory,2D ESP HWND ScarToolkit_ESP2D (2DESP001),Online → ESP (external GDI window),HK ecx=23; class ScarToolkit_ESP2D ~33ms,Online → ESP (in-process D3D),esp.*,yes,Same ESP tab. No second overlay window.,hook_partial,Do not create ScarToolkit_ESP2D. Better path.
M16,Memory,Sheep tracer line,Online → ESP → Sheep Tracer##espTracerSheep,ESP overlay option,Online → ESP gear → Sheep tracer,config.ini [esp] sheep_tracer,yes,ESP gear; default off.,hook_has,Live 2026-08. Stale GAP listed missing.
M17,Memory,Enemy tracer line,Online → ESP → Enemy Tracer##espTracerEnemy,ESP overlay option,Online → ESP gear → Enemy tracer,config.ini [esp] enemy_tracer,yes,ESP gear; default off.,hook_has,Live 2026-08. Stale GAP listed missing.
M18,Memory,ESP per-building checkboxes (cap 5),Online → ESP Buildings Barracks…Wall + cap popup,Online.ESP.* + LimitPopup,Online → ESP → Buildings restrict (TC/Keep/Barracks/Archery/Stable/Siege/Wall),espBldgRestrict + espBldg*,yes,ESP Buildings. Orthogonal to Kinds.,hook_partial,"Type filters, not cap-5 popup / full PBG list."
M19,Memory,Sheep icon / scale widgets,Online → ESP → Icon##sheepIcon Size##sheepScale,SHEEPSP1 overlay opts,Online → Radar/ESP gear → Dot size / thickness,radarDotSize / esp thickness,yes,Size sliders. No icon atlas.,hook_partial,"Generic size, not sheep-only icon."
M20,Memory,AI lock army (AICTLR01+8),Online → AI Features → Lock Army,HK ecx=18; [ai_lock] lock_army,AI BOT → Lock Army,hotkeys.ini [ai_lock] lock_army,yes,AI BOT page (locks at top). Hybrid reads AOE4HOOK_AI_LOCK.,hook_has,Live toolkit_slabs.cpp. Stale GAP missing.
M21,Memory,AI lock villager (AICTLR01+10),Online → AI Features → Lock Villager,HK ecx=19; [ai_lock] lock_villager,AI BOT → Lock Villagers,hotkeys.ini [ai_lock] lock_villager,yes,AI BOT page. Desync note on vill lock vs humans.,hook_has,Live. Stale GAP missing.
M22,Memory,AI lock building queue (AICTLR01+9),Online → AI Features → Building Queue Lock,[ai_lock] buildings / waitprod_building,AI BOT → Lock Buildings,hotkeys.ini [ai_lock] lock_building,yes,AI BOT page.,hook_has,Live. Stale GAP missing.
M23,Memory,AI profiles list/active,Online → AI Features → Profile / Add / Save / Test Lock,[ai_profiles] active/list; [ai_profile_<name>],AI BOT → Profile combo + lock lists,Documents\AOE4HSettings\AI Profiles\,yes,"Scar pane: Unit/Building/Upgrade locks, Test Lock, Save.",hook_partial,Different schema than hotkeys.ini [ai_profiles].
M24,Memory,AI civ upgrade groups,Online → AI Features → UpgGroup.* civ tabs,Online.AIFeatures.UpgGroup.*,AI BOT → Upgrade lock list,AI Profiles,yes,Upgrade tab in Scar builder. Not named civ group buttons.,hook_partial,"Same intent, different UI grouping."
M25,Memory,Auto Vill SendInput (AEA540),Online → Player Macros → Auto Vill,Action.AutoVillMacro; [autovill] layout/interval/clicks,Macro → Autovill,hotkeys.ini [autovill],yes,Macro Autovill ON. QWERTY/AZERTY. Paused while prod-macro master on.,hook_has,Live SendInput groups 4–7. Stale GAP F005 missing.
M26,Memory,Production macro groups 4–7,Online → Auto Macro + Edit Keys,HK ecx=9–13; [autovill] use4_q/key5..; Edit Keys##editkeys,Macro → Autovill groups 4–7; Macro → SendInput master,hotkeys.ini [autovill]; config.ini [macro] enabled,yes,Autovill group toggles + SendInput Enable production macro.,hook_has,8 overlay hotkey slots can bind Prod master/groups. Not 23 RegisterHotKey.
M27,Memory,Lobby Dodge (in-process Relic),Lobby → Dodge (toolkit also had RWX CRT stub),Lobby.Button.Dodge,Lobby → Memory → Dodge,— (8s cooldown in memory),yes,Lobby Memory. Custom/ranked leave. Relic 0x76D030 via PostMessage.,hook_has,Not STK CreateRemoteThread 0xEB990.
M28,Memory,Dodge CRT RWX stub 0xEB990,"(host CRT into Relic, not the Lobby button)",WPM-DODGE VirtualAllocEx+CRT,—,—,no,Refused. Use M27.,wont_port,SCARTOOLKIT_REFUSED_PORTS.md.
M29,Memory,Lobby Scan (civ/slots),Lobby → Scan,Overlay_DrawLobbyPanel walker 0xEE670,Lobby → Memory → Scan / Enable auto scan,—,yes,"Scan or auto-scan. Heap civ scan, not toolkit RPM clone.",hook_has,native_overrides.cpp.
M30,Memory,Lobby Add AI,Lobby → Add AI ##AddAIDiff ##PreSelCiv,Lobby Add AI,Lobby → Memory → Add AI + difficulty combo,—,yes,Custom lobby only. Easy..Absurd.,hook_has,lobby_actions.cpp. Ranked/automatch blocked.
M31,Memory,Lobby Kick,Lobby → Kick ##Kick,Lobby.Kick,"— (tooltip: unresolved, not invented)",—,no,No control. Relic callee unresolved in recovered STK.,missing,Do not invent.
M32,Memory,Lobby Lock / Unlock room,Lobby → Lock/Unlock,Lobby Lock,—,—,no,No room lock. Level/Rank Lock checkboxes are spoof locks.,missing,Do not invent Relic lock-room.
M33,Memory,Force civ columns,Lobby → ##civ_%llX,Lobby civ,Lobby → Memory → Civ Change / Change All Opponents / Hold 500ms,—,yes,Per-row civ or Change All. Hold 500 ms.,hook_has,PBG vote write.
M34,Memory,Lobby ELO / premium columns,Lobby ELO; ##LobbyPremium,[aoe4world]; license-gated premium chrome,Lobby → Memory → Rank/Most/1v1 from aoe4world,—,yes,aoe4world toggle + Scan. Premium chrome wont_port.,hook_partial,Public ranks yes. ##LobbyPremium license chrome no.
M35,Memory,Match auto-enable Full Reveal + Idle TC + Sheep ESP + Zoom,Online auto-enable each match (AF2940),internal 1/s bundle,System → Settings → Match auto bundle,config.ini [scripts] match_auto_bundle,yes,Settings toggle. Arms idle TC + sheep ESP + zoom cap 80. Full Reveal stays manual.,hook_partial,full_reveal_auto always saved 0. No UI for auto Full Reveal.
M36,Memory,Player colour,Online → Player Colour,Online.PlayerColour.*,Online → Maphack → Change Player Colour,—,yes,Maphack button in-match.,hook_has,SCAR colour native.
M37,Memory,FOWCTRL1 scan/handshake in Relic RW,(host internal) VirtualQueryEx magic,ADBDA0 / handshake +40/+28,System → Debug → Status Advanced (FOWCTRL1 live),—,yes,Automatic plant in InternalInjector .fowctrl. Debug shows live.,hook_partial,Own-module slab implTag AOE4. Not Relic RW helper block.
S01,SCAR,Inject: Game_ScarDoString in-process,(overlay equivalent; STK used CRT helper),—,Scripts → Scar/Lua → Execute; launch_mode=0 Direct VM,[scripts] launch_mode=0,yes,Files Execute or editor Run. Default.,hook_has,RVA 0xAA9B00. DualFlag around user scripts.
S02,SCAR,Inject: CRT helper Relic 0xB7F150,Custom / LUA ONLINE Run → VirtualAllocEx+CRT,scar_config.php AOB; AF04B0,Scripts → Execution method → CRT helper (STK),[scripts] launch_mode=2,yes,"Combo CRT helper, then Execute. CreateThread in-process, wait 10s.",hook_partial,Same lua_load/pcall. D02C(retaddr) may silent-skip. No OpenProcess 0x43A.
S03,SCAR,Force Loader dofile / loadfile,Custom → ##ForceLoader; 039_script_8.scar,Custom.ForceLoader.*,Scripts → Execution method → File loader,[scripts] launch_mode=1,yes,Combo File loader. Writes quick_*.lua under AOE4HSettings Lua Scripts.,hook_has,Sandboxed to AOE4HSettings. Stale GAP F049 missing.
S04,SCAR,SCAR ready QueryScarState magic 0x53434152,host status Injected/SCAR/Game/Attached,AF0290 state=3 ready,header pills + Scripts need-match hints,—,yes,Automatic. Wait Scenario Lua System 2.5s after load.,hook_partial,Different ready gate. Toolkit state=2 never stored.
S05,SCAR,Custom editor Run safe / Run raw,Custom Scripts editor + Debug RunSafe/RunRaw,HK ecx=15 RunScriptSafe; Custom.RunSafe/RunRaw,Scripts editor Run / Debug + ScarTrust mode,[ui] scar_trust; launch_mode,yes,"Paste buffer, Run. Full safe blocks sim writes.",hook_has,Trust scan replaces Run safe/raw split.
S06,SCAR,Saved scripts list,Custom → Saved Scripts,Custom.SavedScripts.*,Scripts → Scar/Lua Files list + AUTO per row,[scripts] autoload_scar / autoload_lua,yes,Files pane. AUTO opt-in per file.,hook_partial,No toolkit named save slots. Folder browse instead.
S07,SCAR,"Offline spawn family (sheep, rogue packs, photon, treb, …)",Offline → Spawn.Unit.*,scars 018–082 grouped; spawn.scar,Offline → Scar/Lua → Cheats → Spawn (~25 buttons),—,yes,Vs AI only. spawn.scar StkSpawn.*,hook_has,Grouped. Individual STK scars are wrappers.
S08,SCAR,Rates: pop / prod / sight / gather / build,Offline → PopCap / rate sliders,scars 023–071; rates.scar,Offline → Cheats → Rates,—,yes,Vs AI. Who combo where STK had it.,hook_has,
S09,SCAR,Grant resources (who=local/allies/enemies/everyone),Offline resources,GrantRes 063/064/078/084,Offline → Cheats → Resources grant,—,yes,Vs AI. grant_res.scar; amounts from UI fields.,hook_has,grant_allies.scar unused by UI (GrantRes who=allies).
S10,SCAR,Combat mods (speed/dmg/range/HP/heal/invuln/god),Offline GodMode / combat,scars 007/019/021/022/048/053/076/089,Offline → Cheats → Combat mods,—,yes,Vs AI.,hook_has,
S11,SCAR,Cheat FoW / shared LoS (not Full Reveal),Offline FoW,047_CheatFoW; 043 SharedLos,Offline → Cheats → Cheat FoW,—,yes,Vs AI / desync. Distinct from M01.,hook_has,FOW_PlayerRevealAll path.
S12,SCAR,Auto-queue villagers from idle TCs,Online Idle TC also queues; 020_*.scar,SCAR-020,Offline → Cheats → Auto Queue; Files AUTO auto_queue.scar,autoload_scar,yes,Cheats Start or Files AUTO. Sim write OOS vs humans.,hook_has,Separate from M05 alert.
S13,SCAR,Instant win / AI shutdown / Age up / Jeanne XP / Instant build / Hide UI / Kill animals / Sheep herder / Sheep→wolves / Convert,Offline trainer buttons,"scars 012–017, 028, 045, 071–075, 079, 086, 014 Wololo",Offline → Cheats (World cheats + Convert + …),—,yes,Vs AI Cheats pane. Files still list Menu/Offline scars.,hook_has,Grouped trainer. Each scar has a button or StkPair.
S14,SCAR,Debug HUD / select cue / Debug_Clear / sim rate / music unset / campaign cheats,Custom Debug + Offline Play##int_play,scars 080/081/087/093/095–097; 015–016 campaign,System → Debug → HUD; Offline debug_shots.scar,—,yes,Debug HUD Show/Hide/Cue/Clear. Sim rate on Cheats.,hook_has,
S15,SCAR,Army/vill Entity_Kill wipe (029+031),"(stitched scars, not a public button in recovered UI)",SCAR-029/031,—,—,no,Refused. Counts-only UI also not built.,wont_port,Do not port wipe.
S16,SCAR,Checksum / TimeRule local_rules prepend,(none in STK),—,(automatic on ScarDoString),System\local_rules.scar + checksum_wrappers.scar,no,Prepended. Not a Files AUTO row.,overlay_only,See O04 ScarTrust for user-facing gate.
L01,Lua,LUA ONLINE tab / Lua Features (v4),v4 LUA ONLINE + Scripting Features,strings LUA ONLINE; 0xA067E,"Scripts → Lua (same Files pane, engine=Lua)",scriptEngine=1 when Lua nav selected,yes,Sidebar Scripts → Lua. Not a separate ImGui tab bar.,hook_partial,v4 announcement 'own tab' mapped to Scripts Lua leaf.
L02,Lua,ENABLE SCRIPTING / SCRIPTING ACTIVE,LUA ONLINE toggle,byte 0x32C3B5; Run blocked if 0,header SCAR pill (no ENABLE SCRIPTING toggle),—,no,Enter a match; wait Lua System. Execute disabled out of match.,hook_partial,"Overlay gates on VM live, not toolkit scripting byte."
L03,Lua,1v1hud.lua,v4 lua_scripts/1v1hud.lua (+ quick_ duplicate),lua_scripts,Radar Observer HUD units/buildings/upgrades,radarObs*,yes,Observer HUD. Optional Files run of lua if copied to Lua Scripts.,hook_partial,Not the same Lua presenter.
L04,Lua,ResourceHUD.txt,v4 lua_scripts/ResourceHUD.txt,lua_scripts,Radar Observer HUD Resources,radarObserverHud,yes,Observer HUD on.,hook_partial,"C++ stocks, not Lua ResourceHUD."
L05,Lua,DebugHUD.lua,v4 lua_scripts/DebugHUD.lua,lua_scripts,System → Debug → HUD + dump_vm,—,yes,Debug HUD / Dump VM.,hook_has,
L06,Lua,ai_base_enable / ai_disable / ai_lock_army / ai_lock_villager / ai_risky,v4 lua_scripts AI set,lua_scripts,AI BOT locks + Hybrid combo + Enable AI / Fine-tuning,hotkeys.ini [ai_lock]; AI BOT AUTO,yes,Memory locks C++; Director vs AI for risky AI lua equivalent.,hook_partial,"C++/SCAR natives, not those lua files as Run rows."
L07,Lua,UniversalMicro (quick_*.lua),v4 lua_scripts quick_* UniversalMicro_*,quick scripts / Force Loader,Online → Radar → Micro observe,radar micro observe,yes,Radar Micro observe. Files can still Execute copied lua.,hook_partial,"Observe kite/leash, not full UniversalMicro command set."
L08,Lua,bp_list.txt (unit/building/upgrade keys),v4 inputs bp_list.txt,file next to lua,AI BOT Scar lock lists / Icons from aoe4world,AI Profiles; Icons\,yes,Scar builder pickers. Not the same txt file.,hook_partial,
E01,External,OpenProcess(0x43A) attach RelicCardinal,host attach (Attaching… / Game not running),B897E0,(inject before overlay) DllInjector APC LoadLibraryW,—,no,Run DllInjector. Overlay is already in-process.,hook_has,Different primitive. Product is inside Relic.
E02,External,Helper PE mapper (asset.php / %TEMP%\*.tmp),(silent) nested PE into Relic,B355D0 / FOWCTRL1 plant,—,—,no,Refused. FOWCTRL1 already in InternalInjector.,wont_port,our_fow_helper.dll is not injected.
E03,External,ESP2D layered HWND + RPM walker,external window class ScarToolkit_ESP2D,AE4A10; B5E670,Online → ESP (D3D Present),esp.*,yes,See M15. External HWND not cloned.,hook_partial,Listed under External because STK path is a second process window.
E04,External,License / HWID / activate.php / trial/ban,Settings → License; startup modals,[license] key=; WinLicense,—,—,no,Overlay unlicensed. Nothing to port.,wont_port,
E05,External,GET scar_config.php / _ws.php AOB,(boot) steamapps vs WindowsApps channel,https://scartoolkit.com/api/scar_config.php,System → Debug offsets (local AOB),Config\offsets_*.ini + offsets.cpp,no,No live GET. Hard RVA + scan.,wont_port,Helper AOB used only as local pattern for 0xB7F150.
E06,External,Forced updater (scar_update.php / PowerShell),Update.* modals,Update.MustUpdate,—,—,no,Refused.,wont_port,
E07,External,48-entry FNV process blocker,MessageBox cannot run while application is open,AF8290 startup,—,—,no,Refused (anti-analysis).,wont_port,
E08,External,Themida / IAT hide / PE wipe,(packer),.themida,—,—,no,Refused.,wont_port,
E09,External,WinHTTP activate / heartbeat / X-STK-Auth,license network,activate.php heartbeat.php,Lobby aoe4world GET only,—,no,No STK auth. aoe4world is public.,wont_port,
E10,External,Discord billy_977 / ticket,support string,—,—,—,no,Refused.,wont_port,
E11,External,Broadcast maintenance / outage toasts,Broadcast.GameUpdated/Maintenance/Outage,i18n keys,—,—,no,Refused.,wont_port,
E12,External,HWID unbind modal,Online/Settings Unbind,Online.Unbind.*; POST unbind,—,—,no,Refused DRM.,wont_port,
E13,External,VirtualProtectEx Relic .text / FogCmp patch,(not imported by STK; not a STK feature),—,"Debug PAGE_GUARD is overlay VEH, not STK",—,no,Never a port target.,wont_port,"Overlay FogCmp resolve is RA telemetry, not a STK clone."
E14,External,Watchdog Game closed / not detected,status strings B8CB70,re-OpenProcess loop,(Present skip / match watchdog),—,no,Automatic overlay_guard + ScarNotifyMatchEnded.,hook_partial,No re-attach OpenProcess.
T01,Etc,Hotkeys dispatcher ecx 1–23 + RegisterHotKey 100+slot,Settings → Online Hotkeys (17 actions + None),hotkeys.ini slotN_action/vk/mod; AEABD0,System → Hotkeys (8 slots),Documents\AOE4HSettings\Config\hotkeys.ini slot_0..7,yes,System Hotkeys. Default slot0 Overlay toggle = INSERT.,hook_partial,8 slots not 23. Action ids still include Esp2d=23.
T02,Etc,Overlay chrome hotkey id 200 (click-through TOPMOST),Overlay active (click-through),WM_HOTKEY wParam 0xC8,System → Hotkeys → Overlay toggle (INSERT),hotkeys.ini overlay action,yes,INSERT shows/hides ImGui. No click-through layered game overlay.,hook_partial,Different chrome model (in-process Present).
T03,Etc,UI language EN/ZH/ES/RU/FR/AR,Settings → Language##UI,[ui] language=; six i18n tables,System → Settings → Language,hotkeys.ini language,yes,Settings Language. Overlay ships EN+RU (UiTr).,hook_partial,Not six STK locales.
T04,Etc,Editor theme,Settings → Editor Theme,[editor] theme=,System → Settings → Theme Gold/High contrast/Custom,uiTheme / uiAccent / uiBg / uiOpacity,yes,"Settings Theme. Overlay chrome, not Lua editor colors.",hook_partial,
T05,Etc,Fonts NotoSans 18px / Icons.ttf,Fonts/ next to EXE,NotoSans-Regular.ttf load 0x6F441,(ImGui default / overlay fonts),—,no,No Noto load. Arabic/SC unused in STK too.,wont_port,Cosmetic. Overlay uses ImGui fonts.
T06,Etc,Five-tab IA (Lobby/Online/Offline/Custom/Settings),##tab UI.Tab.*,AF8290 BeginTabBar,sidebar groups Lobby/Scripts/Online/Macro/AI BOT/Offline/System,menuTab / tabSchema=6,yes,Navigate sidebar. Mapping in FULL_PARITY.md.,hook_partial,"Split IA. Same features, different places."
T07,Etc,NumLock tip for number hotkeys,Settings hotkeys hint,Tip: keep NumLock ON…,System → Hotkeys (no NumLock tip),—,no,—,wont_port,"Cosmetic hint. Overlay has 8 slots, not STK number-pad hotkeys."
O01,OverlayOnly,(none) NativeEspData SWM / intel / bridge / natives live,— (STK used RPM walker 0xEE670),—,Online → World Feed; files in NativeEspData\,worldFeed*; not Files Run rows,yes,World Feed → Publish. AUTO not required.,overlay_only,AOE4HOOK.Get/Query. Not a STK gap.
O02,OverlayOnly,(none) World Feed publish,—,—,Online → World Feed,[world] feed=…,yes,Publish (in-match) + filters.,overlay_only,
O03,OverlayOnly,(none) DualFlag data-clear 0x0001,STK does not set app+0x2D0/+0x2D1,—,System → Debug → Status → Advanced → Auto-clear DualFlag,[scripts] dualflag_auto (default 1),yes,Default on. Manual Clear DualFlag now.,overlay_only,DEV DualFlag. Not STK LUA ONLINE.
O04,OverlayOnly,(none) ScarTrust Full safe / Unsafe / Offline,Custom RunSafe/RunRaw tips only,—,System → Settings → SCAR trust,[ui] scar_trust,yes,Three buttons. Full safe scans ~1031 names.,overlay_only,
O05,OverlayOnly,"(none) Radar overlay (minimap alignment, kinds, second radar)","STK had ESP2D + alerts, not this radar",—,Online → Radar,[radar]*,yes,Enable radar. Auto-place over minimap.,overlay_only,
O06,OverlayOnly,(none) Region block denylist,—,—,System → Debug → Status → Region block,region block fields,yes,Debug Status pane.,overlay_only,
O07,OverlayOnly,(none) RA hide / DualFlag adjacent RA window,—,—,Debug Advanced RA hide / live DualFlag word,ra_neutralize forced 0,yes,Debug Status. Neutralize not user-armed.,overlay_only,
O08,OverlayOnly,(none) Clear atmosphere / visfog,—,—,Online → Camera → Clear atmosphere haze,vis_fog,yes,Toggle + Apply clear now in-match.,overlay_only,
O09,OverlayOnly,(none) Probe / Dump VM,Custom Debug entity tips (not dump_vm),Custom.Debug.ShowEntityInfo,System → Probe; Debug → Dump VM,probe_auto,yes,Probe AUTO or Run. Dump VM button in-match.,overlay_only,Online-safe read-only.
O10,OverlayOnly,(none) Hybrid Safe / Director / AI BOT lanes,partial overlap with AI Features + lua ai_*,—,AI BOT → Hybrid / Director / Scar,AUTO hybrid_o_safe / hybrid_o_offline / hybrid_c,yes,Hybrid Enable camera + AUTO Safe. Director vs AI.,overlay_only,STK had no Hybrid_Init observe lane.
O11,OverlayOnly,(none) Offline native sim sync row,—,—,removed,nativeSimSync removed,no,Removed. Did not sync Relic sim; one-sided inject was expected OOS.,overlay_only,
O12,OverlayOnly,(none) Level / XP / Rank spoof,not in recovered Lobby i18n (premium unknown),—,Lobby → Memory → Level/XP/Rank spoof + Lock,— session heap,yes,Lobby Memory sliders + Spoof/Stop/Lock.,overlay_only,Treat as overlay-only unless STK dump shows it.
O13,OverlayOnly,(none) Relic minimap blips,—,—,Online → Maphack → Relic blips,—,yes,Maphack toggle. Independent of Full Reveal.,overlay_only,
O14,OverlayOnly,(none) Log / match journal,esp2d_debug.log next to STK EXE,%sesp2d_debug.log,System → Log,worldJournal,yes,Log tab. Journal folder under AOE4HSettings\Matches.,overlay_only,Not a clone of esp2d_debug.log.
O15,OverlayOnly,(none) TWD rings Overlay/Native/Off,—,—,Online → ESP → TC / outpost zones; Radar → Workers outside TC / outpost,espTwdRanges; System\twd.scar,yes,ESP combo Overlay/Native/Off. Native uses twd.scar (not prepended).,overlay_only,
M38,Memory,AI Features Activate / Test AI / Test Lock,Online → AI Features → Activate / Test / Test Lock,Online.AIFeatures.Activate / Test / TestLock,AI BOT → Test Lock; Enable AI under director Hybrid Offline/Risk,AI Profiles; [ai_lock],yes,AI BOT page. Test Lock does not need Activate.,hook_has,"Same lock lists as M23. Activate maps to Relic Enable AI, not a separate STK helper."
E15,External,Cloud empire / remote script store,(crack.dll CPR / hosted scripts),not in recovered UI keys,—,—,no,Refused. Local Files + AOE4HSettings only.,wont_port,Historical GAP cloud empire.
